,lang,talla_dict,talla_consultas,SpellSuggester_type,alg,iter,elapsed
0,Spanish,20,10,Iterative,levenshtein,0,0.06800055503845215
1,Spanish,20,10,Iterative,levenshtein,1,0.0989992618560791
2,Spanish,20,10,Iterative,levenshtein,2,0.0690150260925293
3,Spanish,20,10,Iterative,restricted,0,0.08702731132507324
4,Spanish,20,10,Iterative,restricted,1,0.07300877571105957
5,Spanish,20,10,Iterative,restricted,2,0.08302664756774902
6,Spanish,20,10,Iterative,intermediate,0,0.029001712799072266
7,Spanish,20,10,Iterative,intermediate,1,0.03499722480773926
8,Spanish,20,10,Iterative,intermediate,2,0.04600405693054199
9,Spanish,20,10,Trie,levenshtein,0,0.03096628189086914
10,Spanish,20,10,Trie,levenshtein,1,0.049001216888427734
11,Spanish,20,10,Trie,levenshtein,2,0.04905557632446289
12,Spanish,20,10,Trie,restricted,0,0.039999961853027344
13,Spanish,20,10,Trie,restricted,1,0.038031578063964844
14,Spanish,20,10,Trie,restricted,2,0.04000520706176758
15,Spanish,20,10,Trie,intermediate,0,0.08900189399719238
16,Spanish,20,10,Trie,intermediate,1,0.11800003051757812
17,Spanish,20,10,Trie,intermediate,2,0.08703422546386719
18,Spanish,20,50,Iterative,levenshtein,0,0.26203179359436035
19,Spanish,20,50,Iterative,levenshtein,1,0.2900393009185791
20,Spanish,20,50,Iterative,levenshtein,2,0.22400164604187012
21,Spanish,20,50,Iterative,restricted,0,0.2810351848602295
22,Spanish,20,50,Iterative,restricted,1,0.2850315570831299
23,Spanish,20,50,Iterative,restricted,2,0.35500216484069824
24,Spanish,20,50,Iterative,intermediate,0,0.18900203704833984
25,Spanish,20,50,Iterative,intermediate,1,0.1349642276763916
26,Spanish,20,50,Iterative,intermediate,2,0.13402295112609863
27,Spanish,20,50,Trie,levenshtein,0,0.1369612216949463
28,Spanish,20,50,Trie,levenshtein,1,0.14411568641662598
29,Spanish,20,50,Trie,levenshtein,2,0.1609630584716797
30,Spanish,20,50,Trie,restricted,0,0.16903305053710938
31,Spanish,20,50,Trie,restricted,1,0.20000481605529785
32,Spanish,20,50,Trie,restricted,2,0.2050328254699707
33,Spanish,20,50,Trie,intermediate,0,0.28823256492614746
34,Spanish,20,50,Trie,intermediate,1,0.29103827476501465
35,Spanish,20,50,Trie,intermediate,2,0.2709968090057373
36,Spanish,20,250,Iterative,levenshtein,0,1.133516788482666
37,Spanish,20,250,Iterative,levenshtein,1,1.0526275634765625
38,Spanish,20,250,Iterative,levenshtein,2,1.1372668743133545
39,Spanish,20,250,Iterative,restricted,0,1.4710850715637207
40,Spanish,20,250,Iterative,restricted,1,1.4400737285614014
41,Spanish,20,250,Iterative,restricted,2,1.437044382095337
42,Spanish,20,250,Iterative,intermediate,0,0.7297561168670654
43,Spanish,20,250,Iterative,intermediate,1,0.6890008449554443
44,Spanish,20,250,Iterative,intermediate,2,0.7150475978851318
45,Spanish,20,250,Trie,levenshtein,0,0.6709895133972168
46,Spanish,20,250,Trie,levenshtein,1,0.7390029430389404
47,Spanish,20,250,Trie,levenshtein,2,0.7270677089691162
48,Spanish,20,250,Trie,restricted,0,0.9474771022796631
49,Spanish,20,250,Trie,restricted,1,0.927027702331543
50,Spanish,20,250,Trie,restricted,2,0.9082355499267578
51,Spanish,20,250,Trie,intermediate,0,1.3642375469207764
52,Spanish,20,250,Trie,intermediate,1,1.389958381652832
53,Spanish,20,250,Trie,intermediate,2,1.4344687461853027
54,Spanish,20,500,Iterative,levenshtein,0,2.4629924297332764
55,Spanish,20,500,Iterative,levenshtein,1,2.378777265548706
56,Spanish,20,500,Iterative,levenshtein,2,2.264557361602783
57,Spanish,20,500,Iterative,restricted,0,2.7647078037261963
58,Spanish,20,500,Iterative,restricted,1,2.742888927459717
59,Spanish,20,500,Iterative,restricted,2,2.767348051071167
60,Spanish,20,500,Iterative,intermediate,0,1.3572816848754883
61,Spanish,20,500,Iterative,intermediate,1,1.352302074432373
62,Spanish,20,500,Iterative,intermediate,2,1.324216604232788
63,Spanish,20,500,Trie,levenshtein,0,1.2978787422180176
64,Spanish,20,500,Trie,levenshtein,1,1.334472894668579
65,Spanish,20,500,Trie,levenshtein,2,1.3427319526672363
66,Spanish,20,500,Trie,restricted,0,2.0029726028442383
67,Spanish,20,500,Trie,restricted,1,1.6593432426452637
68,Spanish,20,500,Trie,restricted,2,1.6959474086761475
69,Spanish,20,500,Trie,intermediate,0,2.9038870334625244
70,Spanish,20,500,Trie,intermediate,1,2.7879767417907715
71,Spanish,20,500,Trie,intermediate,2,2.790792226791382
72,Spanish,20,2500,Iterative,levenshtein,0,10.96851897239685
73,Spanish,20,2500,Iterative,levenshtein,1,11.4696946144104
74,Spanish,20,2500,Iterative,levenshtein,2,11.565279483795166
75,Spanish,20,2500,Iterative,restricted,0,13.98190426826477
76,Spanish,20,2500,Iterative,restricted,1,13.781892776489258
77,Spanish,20,2500,Iterative,restricted,2,15.141737699508667
78,Spanish,20,2500,Iterative,intermediate,0,6.580697536468506
79,Spanish,20,2500,Iterative,intermediate,1,7.178524732589722
80,Spanish,20,2500,Iterative,intermediate,2,6.693944692611694
81,Spanish,20,2500,Trie,levenshtein,0,7.215424299240112
82,Spanish,20,2500,Trie,levenshtein,1,7.2323315143585205
83,Spanish,20,2500,Trie,levenshtein,2,7.459160089492798
84,Spanish,20,2500,Trie,restricted,0,9.43367075920105
85,Spanish,20,2500,Trie,restricted,1,9.703043222427368
86,Spanish,20,2500,Trie,restricted,2,9.489004373550415
87,Spanish,20,2500,Trie,intermediate,0,17.19442343711853
88,Spanish,20,2500,Trie,intermediate,1,17.17958903312683
89,Spanish,20,2500,Trie,intermediate,2,15.753652572631836
90,Spanish,100,10,Iterative,levenshtein,0,0.2570199966430664
91,Spanish,100,10,Iterative,levenshtein,1,0.27698683738708496
92,Spanish,100,10,Iterative,levenshtein,2,0.2852942943572998
93,Spanish,100,10,Iterative,restricted,0,0.34098291397094727
94,Spanish,100,10,Iterative,restricted,1,0.3150200843811035
95,Spanish,100,10,Iterative,restricted,2,0.3475534915924072
96,Spanish,100,10,Iterative,intermediate,0,0.16899490356445312
97,Spanish,100,10,Iterative,intermediate,1,0.18198823928833008
98,Spanish,100,10,Iterative,intermediate,2,0.1710219383239746
99,Spanish,100,10,Trie,levenshtein,0,0.12099552154541016
100,Spanish,100,10,Trie,levenshtein,1,0.12598824501037598
101,Spanish,100,10,Trie,levenshtein,2,0.14019560813903809
102,Spanish,100,10,Trie,restricted,0,0.18299198150634766
103,Spanish,100,10,Trie,restricted,1,0.18902134895324707
104,Spanish,100,10,Trie,restricted,2,0.21698999404907227
105,Spanish,100,10,Trie,intermediate,0,0.28334760665893555
106,Spanish,100,10,Trie,intermediate,1,0.28398704528808594
107,Spanish,100,10,Trie,intermediate,2,0.28998470306396484
108,Spanish,100,50,Iterative,levenshtein,0,1.3773622512817383
109,Spanish,100,50,Iterative,levenshtein,1,1.424990177154541
110,Spanish,100,50,Iterative,levenshtein,2,1.5160109996795654
111,Spanish,100,50,Iterative,restricted,0,1.9320547580718994
112,Spanish,100,50,Iterative,restricted,1,1.7259855270385742
113,Spanish,100,50,Iterative,restricted,2,1.7325830459594727
114,Spanish,100,50,Iterative,intermediate,0,0.8419599533081055
115,Spanish,100,50,Iterative,intermediate,1,0.8659534454345703
116,Spanish,100,50,Iterative,intermediate,2,0.8659558296203613
117,Spanish,100,50,Trie,levenshtein,0,0.7170486450195312
118,Spanish,100,50,Trie,levenshtein,1,0.7439620494842529
119,Spanish,100,50,Trie,levenshtein,2,0.7179648876190186
120,Spanish,100,50,Trie,restricted,0,0.8869564533233643
121,Spanish,100,50,Trie,restricted,1,0.9079549312591553
122,Spanish,100,50,Trie,restricted,2,0.9289944171905518
123,Spanish,100,50,Trie,intermediate,0,1.568943738937378
124,Spanish,100,50,Trie,intermediate,1,1.496504545211792
125,Spanish,100,50,Trie,intermediate,2,1.5720181465148926
126,Spanish,100,250,Iterative,levenshtein,0,6.715001821517944
127,Spanish,100,250,Iterative,levenshtein,1,6.923902988433838
128,Spanish,100,250,Iterative,levenshtein,2,6.650674343109131
129,Spanish,100,250,Iterative,restricted,0,8.053038597106934
130,Spanish,100,250,Iterative,restricted,1,8.244108200073242
131,Spanish,100,250,Iterative,restricted,2,8.752349615097046
132,Spanish,100,250,Iterative,intermediate,0,3.9819939136505127
133,Spanish,100,250,Iterative,intermediate,1,4.006511926651001
134,Spanish,100,250,Iterative,intermediate,2,4.0105133056640625
135,Spanish,100,250,Trie,levenshtein,0,3.233266830444336
136,Spanish,100,250,Trie,levenshtein,1,3.2576799392700195
137,Spanish,100,250,Trie,levenshtein,2,3.745887517929077
138,Spanish,100,250,Trie,restricted,0,4.330444097518921
139,Spanish,100,250,Trie,restricted,1,4.369056224822998
140,Spanish,100,250,Trie,restricted,2,4.402261734008789
141,Spanish,100,250,Trie,intermediate,0,7.3469836711883545
142,Spanish,100,250,Trie,intermediate,1,7.538296222686768
143,Spanish,100,250,Trie,intermediate,2,7.5091023445129395
144,Spanish,100,500,Iterative,levenshtein,0,13.0439133644104
145,Spanish,100,500,Iterative,levenshtein,1,13.240010976791382
146,Spanish,100,500,Iterative,levenshtein,2,13.540759801864624
147,Spanish,100,500,Iterative,restricted,0,17.228174924850464
148,Spanish,100,500,Iterative,restricted,1,17.092137813568115
149,Spanish,100,500,Iterative,restricted,2,17.36035943031311
150,Spanish,100,500,Iterative,intermediate,0,8.900603771209717
151,Spanish,100,500,Iterative,intermediate,1,8.930329322814941
152,Spanish,100,500,Iterative,intermediate,2,7.88069748878479
153,Spanish,100,500,Trie,levenshtein,0,7.146991968154907
154,Spanish,100,500,Trie,levenshtein,1,6.599822044372559
155,Spanish,100,500,Trie,levenshtein,2,6.941787958145142
156,Spanish,100,500,Trie,restricted,0,8.78147578239441
157,Spanish,100,500,Trie,restricted,1,8.704701662063599
158,Spanish,100,500,Trie,restricted,2,9.355401277542114
159,Spanish,100,500,Trie,intermediate,0,14.903259038925171
160,Spanish,100,500,Trie,intermediate,1,15.21592402458191
161,Spanish,100,500,Trie,intermediate,2,14.574053049087524
162,Spanish,100,2500,Iterative,levenshtein,0,68.68211960792542
163,Spanish,100,2500,Iterative,levenshtein,1,66.21208691596985
164,Spanish,100,2500,Iterative,levenshtein,2,66.03047943115234
165,Spanish,100,2500,Iterative,restricted,0,82.42885065078735
166,Spanish,100,2500,Iterative,restricted,1,82.25654816627502
167,Spanish,100,2500,Iterative,restricted,2,90.43973445892334
168,Spanish,100,2500,Iterative,intermediate,0,42.314911127090454
169,Spanish,100,2500,Iterative,intermediate,1,42.00983119010925
170,Spanish,100,2500,Iterative,intermediate,2,39.860594034194946
171,Spanish,100,2500,Trie,levenshtein,0,33.07859468460083
172,Spanish,100,2500,Trie,levenshtein,1,32.71819877624512
173,Spanish,100,2500,Trie,levenshtein,2,35.324180126190186
174,Spanish,100,2500,Trie,restricted,0,44.61942934989929
175,Spanish,100,2500,Trie,restricted,1,45.4139609336853
176,Spanish,100,2500,Trie,restricted,2,45.14004874229431
177,Spanish,100,2500,Trie,intermediate,0,80.56786823272705
178,Spanish,100,2500,Trie,intermediate,1,79.22133350372314
179,Spanish,100,2500,Trie,intermediate,2,78.94182682037354
180,Spanish,500,10,Iterative,levenshtein,0,1.2796521186828613
181,Spanish,500,10,Iterative,levenshtein,1,1.264922857284546
182,Spanish,500,10,Iterative,levenshtein,2,1.2520370483398438
183,Spanish,500,10,Iterative,restricted,0,1.557657241821289
184,Spanish,500,10,Iterative,restricted,1,1.5220038890838623
185,Spanish,500,10,Iterative,restricted,2,1.541663408279419
186,Spanish,500,10,Iterative,intermediate,0,0.8259902000427246
187,Spanish,500,10,Iterative,intermediate,1,0.7539641857147217
188,Spanish,500,10,Iterative,intermediate,2,0.8949861526489258
189,Spanish,500,10,Trie,levenshtein,0,0.49100160598754883
190,Spanish,500,10,Trie,levenshtein,1,0.5834798812866211
191,Spanish,500,10,Trie,levenshtein,2,0.6104538440704346
192,Spanish,500,10,Trie,restricted,0,0.8019590377807617
193,Spanish,500,10,Trie,restricted,1,0.7130024433135986
194,Spanish,500,10,Trie,restricted,2,1.265521764755249
195,Spanish,500,10,Trie,intermediate,0,1.3256399631500244
196,Spanish,500,10,Trie,intermediate,1,1.2779693603515625
197,Spanish,500,10,Trie,intermediate,2,1.2289378643035889
198,Spanish,500,50,Iterative,levenshtein,0,6.209338665008545
199,Spanish,500,50,Iterative,levenshtein,1,6.16551661491394
200,Spanish,500,50,Iterative,levenshtein,2,6.283978223800659
201,Spanish,500,50,Iterative,restricted,0,7.396346569061279
202,Spanish,500,50,Iterative,restricted,1,7.605607748031616
203,Spanish,500,50,Iterative,restricted,2,7.257597208023071
204,Spanish,500,50,Iterative,intermediate,0,3.603703022003174
205,Spanish,500,50,Iterative,intermediate,1,3.579866647720337
206,Spanish,500,50,Iterative,intermediate,2,3.6229920387268066
207,Spanish,500,50,Trie,levenshtein,0,2.518070697784424
208,Spanish,500,50,Trie,levenshtein,1,2.456455707550049
209,Spanish,500,50,Trie,levenshtein,2,2.5320699214935303
210,Spanish,500,50,Trie,restricted,0,3.219731330871582
211,Spanish,500,50,Trie,restricted,1,3.6810085773468018
212,Spanish,500,50,Trie,restricted,2,3.209282636642456
213,Spanish,500,50,Trie,intermediate,0,5.4609034061431885
214,Spanish,500,50,Trie,intermediate,1,5.626725673675537
215,Spanish,500,50,Trie,intermediate,2,5.751539707183838
216,Spanish,500,250,Iterative,levenshtein,0,33.37968397140503
217,Spanish,500,250,Iterative,levenshtein,1,33.6999454498291
218,Spanish,500,250,Iterative,levenshtein,2,34.59999322891235
219,Spanish,500,250,Iterative,restricted,0,42.17614984512329
220,Spanish,500,250,Iterative,restricted,1,46.98047423362732
221,Spanish,500,250,Iterative,restricted,2,42.54399824142456
222,Spanish,500,250,Iterative,intermediate,0,20.725813388824463
223,Spanish,500,250,Iterative,intermediate,1,20.221203327178955
224,Spanish,500,250,Iterative,intermediate,2,19.59053134918213
225,Spanish,500,250,Trie,levenshtein,0,13.60855507850647
226,Spanish,500,250,Trie,levenshtein,1,13.3260018825531
227,Spanish,500,250,Trie,levenshtein,2,13.569953203201294
228,Spanish,500,250,Trie,restricted,0,18.359397888183594
229,Spanish,500,250,Trie,restricted,1,18.395655870437622
230,Spanish,500,250,Trie,restricted,2,18.227505922317505
231,Spanish,500,250,Trie,intermediate,0,32.31293845176697
232,Spanish,500,250,Trie,intermediate,1,32.5228488445282
233,Spanish,500,250,Trie,intermediate,2,33.900206327438354
234,Spanish,500,500,Iterative,levenshtein,0,67.9541425704956
235,Spanish,500,500,Iterative,levenshtein,1,68.3702449798584
236,Spanish,500,500,Iterative,levenshtein,2,67.38560009002686
237,Spanish,500,500,Iterative,restricted,0,83.55545735359192
238,Spanish,500,500,Iterative,restricted,1,83.10990977287292
239,Spanish,500,500,Iterative,restricted,2,84.29562473297119
240,Spanish,500,500,Iterative,intermediate,0,41.115724325180054
241,Spanish,500,500,Iterative,intermediate,1,40.428571939468384
242,Spanish,500,500,Iterative,intermediate,2,40.76061201095581
243,Spanish,500,500,Trie,levenshtein,0,27.691668033599854
244,Spanish,500,500,Trie,levenshtein,1,27.087126970291138
245,Spanish,500,500,Trie,levenshtein,2,28.68244981765747
246,Spanish,500,500,Trie,restricted,0,37.00852704048157
247,Spanish,500,500,Trie,restricted,1,36.964682817459106
248,Spanish,500,500,Trie,restricted,2,37.13231658935547
249,Spanish,500,500,Trie,intermediate,0,64.12065529823303
250,Spanish,500,500,Trie,intermediate,1,63.06745481491089
251,Spanish,500,500,Trie,intermediate,2,64.04518127441406
252,Spanish,500,2500,Iterative,levenshtein,0,324.51511001586914
253,Spanish,500,2500,Iterative,levenshtein,1,327.9204947948456
254,Spanish,500,2500,Iterative,levenshtein,2,328.62040543556213
255,Spanish,500,2500,Iterative,restricted,0,404.2903428077698
256,Spanish,500,2500,Iterative,restricted,1,418.2581467628479
257,Spanish,500,2500,Iterative,restricted,2,441.25192880630493
258,Spanish,500,2500,Iterative,intermediate,0,228.02030205726624
259,Spanish,500,2500,Iterative,intermediate,1,224.4289207458496
260,Spanish,500,2500,Iterative,intermediate,2,215.47764086723328
261,Spanish,500,2500,Trie,levenshtein,0,146.7018928527832
262,Spanish,500,2500,Trie,levenshtein,1,149.84023213386536
263,Spanish,500,2500,Trie,levenshtein,2,154.53744411468506
264,Spanish,500,2500,Trie,restricted,0,199.1165816783905
265,Spanish,500,2500,Trie,restricted,1,203.0644564628601
266,Spanish,500,2500,Trie,restricted,2,211.70073771476746
267,Spanish,500,2500,Trie,intermediate,0,354.2088222503662
268,Spanish,500,2500,Trie,intermediate,1,470.79260897636414
269,Spanish,500,2500,Trie,intermediate,2,516.2786867618561
270,Spanish,2500,10,Iterative,levenshtein,0,2.3378186225891113
271,Spanish,2500,10,Iterative,levenshtein,1,2.038039207458496
272,Spanish,2500,10,Iterative,levenshtein,2,2.1886744499206543
273,Spanish,2500,10,Iterative,restricted,0,2.4405086040496826
274,Spanish,2500,10,Iterative,restricted,1,2.7136471271514893
275,Spanish,2500,10,Iterative,restricted,2,2.430605888366699
276,Spanish,2500,10,Iterative,intermediate,0,1.2625083923339844
277,Spanish,2500,10,Iterative,intermediate,1,1.2968988418579102
278,Spanish,2500,10,Iterative,intermediate,2,1.2745041847229004
279,Spanish,2500,10,Trie,levenshtein,0,0.8524096012115479
280,Spanish,2500,10,Trie,levenshtein,1,0.8094398975372314
281,Spanish,2500,10,Trie,levenshtein,2,0.8544442653656006
282,Spanish,2500,10,Trie,restricted,0,1.0821290016174316
283,Spanish,2500,10,Trie,restricted,1,1.2141125202178955
284,Spanish,2500,10,Trie,restricted,2,1.589724063873291
285,Spanish,2500,10,Trie,intermediate,0,2.8801701068878174
286,Spanish,2500,10,Trie,intermediate,1,2.196995496749878
287,Spanish,2500,10,Trie,intermediate,2,2.205672025680542
288,Spanish,2500,50,Iterative,levenshtein,0,11.558537721633911
289,Spanish,2500,50,Iterative,levenshtein,1,9.04456877708435
290,Spanish,2500,50,Iterative,levenshtein,2,9.838975191116333
291,Spanish,2500,50,Iterative,restricted,0,12.107311964035034
292,Spanish,2500,50,Iterative,restricted,1,10.90327787399292
293,Spanish,2500,50,Iterative,restricted,2,12.026230335235596
294,Spanish,2500,50,Iterative,intermediate,0,5.504187822341919
295,Spanish,2500,50,Iterative,intermediate,1,5.165788173675537
296,Spanish,2500,50,Iterative,intermediate,2,6.307032823562622
297,Spanish,2500,50,Trie,levenshtein,0,4.790829420089722
298,Spanish,2500,50,Trie,levenshtein,1,3.9944310188293457
299,Spanish,2500,50,Trie,levenshtein,2,3.6696724891662598
300,Spanish,2500,50,Trie,restricted,0,5.161926031112671
301,Spanish,2500,50,Trie,restricted,1,6.917831897735596
302,Spanish,2500,50,Trie,restricted,2,5.674554347991943
303,Spanish,2500,50,Trie,intermediate,0,10.13220739364624
304,Spanish,2500,50,Trie,intermediate,1,11.15889859199524
305,Spanish,2500,50,Trie,intermediate,2,10.13533616065979
306,Spanish,2500,250,Iterative,levenshtein,0,54.36415076255798
307,Spanish,2500,250,Iterative,levenshtein,1,51.88289141654968
308,Spanish,2500,250,Iterative,levenshtein,2,52.239227056503296
309,Spanish,2500,250,Iterative,restricted,0,59.013949155807495
310,Spanish,2500,250,Iterative,restricted,1,58.124695777893066
311,Spanish,2500,250,Iterative,restricted,2,54.423765420913696
312,Spanish,2500,250,Iterative,intermediate,0,28.67076086997986
313,Spanish,2500,250,Iterative,intermediate,1,28.24841547012329
314,Spanish,2500,250,Iterative,intermediate,2,35.47615909576416
315,Spanish,2500,250,Trie,levenshtein,0,19.924723386764526
316,Spanish,2500,250,Trie,levenshtein,1,18.076895475387573
317,Spanish,2500,250,Trie,levenshtein,2,16.69205927848816
318,Spanish,2500,250,Trie,restricted,0,22.268877267837524
319,Spanish,2500,250,Trie,restricted,1,21.61238741874695
320,Spanish,2500,250,Trie,restricted,2,21.54253387451172
321,Spanish,2500,250,Trie,intermediate,0,40.368006467819214
322,Spanish,2500,250,Trie,intermediate,1,37.29851031303406
323,Spanish,2500,250,Trie,intermediate,2,39.57827425003052
324,Spanish,2500,500,Iterative,levenshtein,0,83.49888443946838
325,Spanish,2500,500,Iterative,levenshtein,1,91.5043933391571
326,Spanish,2500,500,Iterative,levenshtein,2,87.5454683303833
327,Spanish,2500,500,Iterative,restricted,0,104.09116101264954
328,Spanish,2500,500,Iterative,restricted,1,103.80477595329285
329,Spanish,2500,500,Iterative,restricted,2,103.0879909992218
330,Spanish,2500,500,Iterative,intermediate,0,43.79587411880493
331,Spanish,2500,500,Iterative,intermediate,1,57.079827308654785
332,Spanish,2500,500,Iterative,intermediate,2,57.72972512245178
333,Spanish,2500,500,Trie,levenshtein,0,38.10394263267517
334,Spanish,2500,500,Trie,levenshtein,1,35.024200201034546
335,Spanish,2500,500,Trie,levenshtein,2,32.89127826690674
336,Spanish,2500,500,Trie,restricted,0,51.91695857048035
337,Spanish,2500,500,Trie,restricted,1,47.64920163154602
338,Spanish,2500,500,Trie,restricted,2,53.78063154220581
339,Spanish,2500,500,Trie,intermediate,0,123.20479655265808
340,Spanish,2500,500,Trie,intermediate,1,139.3368456363678
341,Spanish,2500,500,Trie,intermediate,2,148.45156979560852
342,Spanish,2500,2500,Iterative,levenshtein,0,508.3035743236542
343,Spanish,2500,2500,Iterative,levenshtein,1,384.459680557251
344,Spanish,2500,2500,Iterative,levenshtein,2,381.7610659599304
345,Spanish,2500,2500,Iterative,restricted,0,438.5473563671112
346,Spanish,2500,2500,Iterative,restricted,1,443.06560754776
347,Spanish,2500,2500,Iterative,restricted,2,475.10909485816956
348,Spanish,2500,2500,Iterative,intermediate,0,230.4800260066986
349,Spanish,2500,2500,Iterative,intermediate,1,262.4522354602814
350,Spanish,2500,2500,Iterative,intermediate,2,229.36204552650452
351,Spanish,2500,2500,Trie,levenshtein,0,146.3455410003662
352,Spanish,2500,2500,Trie,levenshtein,1,165.36789774894714
353,Spanish,2500,2500,Trie,levenshtein,2,158.50211143493652
354,Spanish,2500,2500,Trie,restricted,0,217.6609377861023
355,Spanish,2500,2500,Trie,restricted,1,215.9737913608551
356,Spanish,2500,2500,Trie,restricted,2,205.32418704032898
357,Spanish,2500,2500,Trie,intermediate,0,368.57343888282776
358,Spanish,2500,2500,Trie,intermediate,1,362.59812331199646
359,Spanish,2500,2500,Trie,intermediate,2,372.6029875278473
360,English,20,10,Iterative,levenshtein,0,0.04187726974487305
361,English,20,10,Iterative,levenshtein,1,0.05903029441833496
362,English,20,10,Iterative,levenshtein,2,0.04399538040161133
363,English,20,10,Iterative,restricted,0,0.0518803596496582
364,English,20,10,Iterative,restricted,1,0.05607914924621582
365,English,20,10,Iterative,restricted,2,0.0558931827545166
366,English,20,10,Iterative,intermediate,0,0.028143882751464844
367,English,20,10,Iterative,intermediate,1,0.029286623001098633
368,English,20,10,Iterative,intermediate,2,0.02877044677734375
369,English,20,10,Trie,levenshtein,0,0.028799057006835938
370,English,20,10,Trie,levenshtein,1,0.03014349937438965
371,English,20,10,Trie,levenshtein,2,0.028986692428588867
372,English,20,10,Trie,restricted,0,0.03709888458251953
373,English,20,10,Trie,restricted,1,0.03792834281921387
374,English,20,10,Trie,restricted,2,0.0368952751159668
375,English,20,10,Trie,intermediate,0,0.058051347732543945
376,English,20,10,Trie,intermediate,1,0.05829167366027832
377,English,20,10,Trie,intermediate,2,0.05984234809875488
378,English,20,50,Iterative,levenshtein,0,0.2350459098815918
379,English,20,50,Iterative,levenshtein,1,0.23908782005310059
380,English,20,50,Iterative,levenshtein,2,0.2312471866607666
381,English,20,50,Iterative,restricted,0,0.29200243949890137
382,English,20,50,Iterative,restricted,1,0.28290581703186035
383,English,20,50,Iterative,restricted,2,0.3268861770629883
384,English,20,50,Iterative,intermediate,0,0.14162397384643555
385,English,20,50,Iterative,intermediate,1,0.142592191696167
386,English,20,50,Iterative,intermediate,2,0.13805770874023438
387,English,20,50,Trie,levenshtein,0,0.13583922386169434
388,English,20,50,Trie,levenshtein,1,0.14414739608764648
389,English,20,50,Trie,levenshtein,2,0.13473010063171387
390,English,20,50,Trie,restricted,0,0.18875479698181152
391,English,20,50,Trie,restricted,1,0.17355895042419434
392,English,20,50,Trie,restricted,2,0.17464590072631836
393,English,20,50,Trie,intermediate,0,0.30214715003967285
394,English,20,50,Trie,intermediate,1,0.30200910568237305
395,English,20,50,Trie,intermediate,2,0.30313849449157715
396,English,20,250,Iterative,levenshtein,0,1.085254192352295
397,English,20,250,Iterative,levenshtein,1,1.1278924942016602
398,English,20,250,Iterative,levenshtein,2,1.1179606914520264
399,English,20,250,Iterative,restricted,0,1.479896068572998
400,English,20,250,Iterative,restricted,1,1.3993515968322754
401,English,20,250,Iterative,restricted,2,1.3602421283721924
402,English,20,250,Iterative,intermediate,0,0.7985336780548096
403,English,20,250,Iterative,intermediate,1,0.67598557472229
404,English,20,250,Iterative,intermediate,2,0.6929924488067627
405,English,20,250,Trie,levenshtein,0,0.6110615730285645
406,English,20,250,Trie,levenshtein,1,0.6719586849212646
407,English,20,250,Trie,levenshtein,2,0.7296121120452881
408,English,20,250,Trie,restricted,0,0.8726520538330078
409,English,20,250,Trie,restricted,1,0.9274106025695801
410,English,20,250,Trie,restricted,2,0.977567195892334
411,English,20,250,Trie,intermediate,0,1.5399117469787598
412,English,20,250,Trie,intermediate,1,1.5398540496826172
413,English,20,250,Trie,intermediate,2,1.5824692249298096
414,English,20,500,Iterative,levenshtein,0,3.258805990219116
415,English,20,500,Iterative,levenshtein,1,2.6041417121887207
416,English,20,500,Iterative,levenshtein,2,2.4575576782226562
417,English,20,500,Iterative,restricted,0,3.169630765914917
418,English,20,500,Iterative,restricted,1,2.933084726333618
419,English,20,500,Iterative,restricted,2,3.1021955013275146
420,English,20,500,Iterative,intermediate,0,1.2499725818634033
421,English,20,500,Iterative,intermediate,1,1.3301782608032227
422,English,20,500,Iterative,intermediate,2,1.401907205581665
423,English,20,500,Trie,levenshtein,0,1.3619098663330078
424,English,20,500,Trie,levenshtein,1,1.4052128791809082
425,English,20,500,Trie,levenshtein,2,1.319251537322998
426,English,20,500,Trie,restricted,0,1.7734744548797607
427,English,20,500,Trie,restricted,1,1.8465876579284668
428,English,20,500,Trie,restricted,2,1.644890308380127
429,English,20,500,Trie,intermediate,0,2.8997254371643066
430,English,20,500,Trie,intermediate,1,2.9414968490600586
431,English,20,500,Trie,intermediate,2,2.877002477645874
432,English,20,2500,Iterative,levenshtein,0,10.860886096954346
433,English,20,2500,Iterative,levenshtein,1,10.88208794593811
434,English,20,2500,Iterative,levenshtein,2,11.821122884750366
435,English,20,2500,Iterative,restricted,0,14.470192909240723
436,English,20,2500,Iterative,restricted,1,15.401004791259766
437,English,20,2500,Iterative,restricted,2,13.259837627410889
438,English,20,2500,Iterative,intermediate,0,6.490861177444458
439,English,20,2500,Iterative,intermediate,1,7.085498571395874
440,English,20,2500,Iterative,intermediate,2,8.934879302978516
441,English,20,2500,Trie,levenshtein,0,8.970823287963867
442,English,20,2500,Trie,levenshtein,1,7.119493722915649
443,English,20,2500,Trie,levenshtein,2,6.880505561828613
444,English,20,2500,Trie,restricted,0,8.855987787246704
445,English,20,2500,Trie,restricted,1,8.27912425994873
446,English,20,2500,Trie,restricted,2,8.284210443496704
447,English,20,2500,Trie,intermediate,0,14.264482021331787
448,English,20,2500,Trie,intermediate,1,13.904284954071045
449,English,20,2500,Trie,intermediate,2,13.971792459487915
450,English,100,10,Iterative,levenshtein,0,0.2776823043823242
451,English,100,10,Iterative,levenshtein,1,0.2510647773742676
452,English,100,10,Iterative,levenshtein,2,0.23220276832580566
453,English,100,10,Iterative,restricted,0,0.275310754776001
454,English,100,10,Iterative,restricted,1,0.35198307037353516
455,English,100,10,Iterative,restricted,2,0.2929685115814209
456,English,100,10,Iterative,intermediate,0,0.17654824256896973
457,English,100,10,Iterative,intermediate,1,0.14309120178222656
458,English,100,10,Iterative,intermediate,2,0.14597487449645996
459,English,100,10,Trie,levenshtein,0,0.1115865707397461
460,English,100,10,Trie,levenshtein,1,0.13088154792785645
461,English,100,10,Trie,levenshtein,2,0.09890317916870117
462,English,100,10,Trie,restricted,0,0.21045494079589844
463,English,100,10,Trie,restricted,1,0.15459585189819336
464,English,100,10,Trie,restricted,2,0.17909574508666992
465,English,100,10,Trie,intermediate,0,0.27718591690063477
466,English,100,10,Trie,intermediate,1,0.26372790336608887
467,English,100,10,Trie,intermediate,2,0.27820420265197754
468,English,100,50,Iterative,levenshtein,0,1.2220056056976318
469,English,100,50,Iterative,levenshtein,1,1.446594476699829
470,English,100,50,Iterative,levenshtein,2,2.169149398803711
471,English,100,50,Iterative,restricted,0,1.5288314819335938
472,English,100,50,Iterative,restricted,1,1.4239253997802734
473,English,100,50,Iterative,restricted,2,1.8407645225524902
474,English,100,50,Iterative,intermediate,0,1.156529426574707
475,English,100,50,Iterative,intermediate,1,1.3476874828338623
476,English,100,50,Iterative,intermediate,2,1.2004411220550537
477,English,100,50,Trie,levenshtein,0,1.007411241531372
478,English,100,50,Trie,levenshtein,1,1.5913372039794922
479,English,100,50,Trie,levenshtein,2,1.2299401760101318
480,English,100,50,Trie,restricted,0,1.1862766742706299
481,English,100,50,Trie,restricted,1,1.6923730373382568
482,English,100,50,Trie,restricted,2,2.6009445190429688
483,English,100,50,Trie,intermediate,0,2.4296047687530518
484,English,100,50,Trie,intermediate,1,2.149376153945923
485,English,100,50,Trie,intermediate,2,2.392425298690796
486,English,100,250,Iterative,levenshtein,0,7.970998764038086
487,English,100,250,Iterative,levenshtein,1,9.256199836730957
488,English,100,250,Iterative,levenshtein,2,6.695643186569214
489,English,100,250,Iterative,restricted,0,8.401867151260376
490,English,100,250,Iterative,restricted,1,8.483311414718628
491,English,100,250,Iterative,restricted,2,7.938960790634155
492,English,100,250,Iterative,intermediate,0,3.5759716033935547
493,English,100,250,Iterative,intermediate,1,4.207148313522339
494,English,100,250,Iterative,intermediate,2,4.490757942199707
495,English,100,250,Trie,levenshtein,0,4.865414381027222
496,English,100,250,Trie,levenshtein,1,3.3558573722839355
497,English,100,250,Trie,levenshtein,2,3.5343334674835205
498,English,100,250,Trie,restricted,0,4.127760887145996
499,English,100,250,Trie,restricted,1,3.9756855964660645
500,English,100,250,Trie,restricted,2,3.7332746982574463
501,English,100,250,Trie,intermediate,0,6.771951675415039
502,English,100,250,Trie,intermediate,1,6.778817176818848
503,English,100,250,Trie,intermediate,2,7.36429238319397
504,English,100,500,Iterative,levenshtein,0,13.283654689788818
505,English,100,500,Iterative,levenshtein,1,15.972498178482056
506,English,100,500,Iterative,levenshtein,2,19.910752296447754
507,English,100,500,Iterative,restricted,0,15.42397427558899
508,English,100,500,Iterative,restricted,1,17.279179334640503
509,English,100,500,Iterative,restricted,2,14.82480239868164
510,English,100,500,Iterative,intermediate,0,7.020763397216797
511,English,100,500,Iterative,intermediate,1,7.961245775222778
512,English,100,500,Iterative,intermediate,2,8.514878988265991
513,English,100,500,Trie,levenshtein,0,7.018016338348389
514,English,100,500,Trie,levenshtein,1,8.01809573173523
515,English,100,500,Trie,levenshtein,2,10.854140043258667
516,English,100,500,Trie,restricted,0,13.773404836654663
517,English,100,500,Trie,restricted,1,9.351657629013062
518,English,100,500,Trie,restricted,2,8.40720534324646
519,English,100,500,Trie,intermediate,0,15.664579391479492
520,English,100,500,Trie,intermediate,1,14.290745496749878
521,English,100,500,Trie,intermediate,2,14.448570489883423
522,English,100,2500,Iterative,levenshtein,0,63.973469972610474
523,English,100,2500,Iterative,levenshtein,1,64.53306293487549
524,English,100,2500,Iterative,levenshtein,2,68.20229029655457
525,English,100,2500,Iterative,restricted,0,83.3703088760376
526,English,100,2500,Iterative,restricted,1,77.43584108352661
527,English,100,2500,Iterative,restricted,2,82.81582880020142
528,English,100,2500,Iterative,intermediate,0,40.52131128311157
529,English,100,2500,Iterative,intermediate,1,39.56284832954407
530,English,100,2500,Iterative,intermediate,2,36.777673959732056
531,English,100,2500,Trie,levenshtein,0,28.997126817703247
532,English,100,2500,Trie,levenshtein,1,29.969640970230103
533,English,100,2500,Trie,levenshtein,2,33.239593744277954
534,English,100,2500,Trie,restricted,0,41.04807925224304
535,English,100,2500,Trie,restricted,1,39.84695053100586
536,English,100,2500,Trie,restricted,2,39.139835834503174
537,English,100,2500,Trie,intermediate,0,70.03309202194214
538,English,100,2500,Trie,intermediate,1,70.67331457138062
539,English,100,2500,Trie,intermediate,2,68.77846646308899
540,English,500,10,Iterative,levenshtein,0,1.2695796489715576
541,English,500,10,Iterative,levenshtein,1,1.3369245529174805
542,English,500,10,Iterative,levenshtein,2,1.44022798538208
543,English,500,10,Iterative,restricted,0,1.6464920043945312
544,English,500,10,Iterative,restricted,1,1.8287272453308105
545,English,500,10,Iterative,restricted,2,1.7486274242401123
546,English,500,10,Iterative,intermediate,0,0.8176453113555908
547,English,500,10,Iterative,intermediate,1,0.8983335494995117
548,English,500,10,Iterative,intermediate,2,0.7153339385986328
549,English,500,10,Trie,levenshtein,0,0.5590529441833496
550,English,500,10,Trie,levenshtein,1,0.5812389850616455
551,English,500,10,Trie,levenshtein,2,0.5272316932678223
552,English,500,10,Trie,restricted,0,0.75933837890625
553,English,500,10,Trie,restricted,1,0.805189847946167
554,English,500,10,Trie,restricted,2,0.7122640609741211
555,English,500,10,Trie,intermediate,0,1.3596115112304688
556,English,500,10,Trie,intermediate,1,1.275078535079956
557,English,500,10,Trie,intermediate,2,1.3409788608551025
558,English,500,50,Iterative,levenshtein,0,5.864661693572998
559,English,500,50,Iterative,levenshtein,1,5.794041872024536
560,English,500,50,Iterative,levenshtein,2,6.160100936889648
561,English,500,50,Iterative,restricted,0,7.1957008838653564
562,English,500,50,Iterative,restricted,1,7.833290338516235
563,English,500,50,Iterative,restricted,2,7.043198823928833
564,English,500,50,Iterative,intermediate,0,3.46685528755188
565,English,500,50,Iterative,intermediate,1,3.880880355834961
566,English,500,50,Iterative,intermediate,2,3.80513858795166
567,English,500,50,Trie,levenshtein,0,2.650238275527954
568,English,500,50,Trie,levenshtein,1,2.640887498855591
569,English,500,50,Trie,levenshtein,2,2.595102310180664
570,English,500,50,Trie,restricted,0,3.4020564556121826
571,English,500,50,Trie,restricted,1,3.578725576400757
572,English,500,50,Trie,restricted,2,3.356170177459717
573,English,500,50,Trie,intermediate,0,6.075955152511597
574,English,500,50,Trie,intermediate,1,5.773935079574585
575,English,500,50,Trie,intermediate,2,6.036131858825684
576,English,500,250,Iterative,levenshtein,0,30.1161367893219
577,English,500,250,Iterative,levenshtein,1,30.954107761383057
578,English,500,250,Iterative,levenshtein,2,29.269132137298584
579,English,500,250,Iterative,restricted,0,36.531025409698486
580,English,500,250,Iterative,restricted,1,37.32995843887329
581,English,500,250,Iterative,restricted,2,38.62224245071411
582,English,500,250,Iterative,intermediate,0,17.926397800445557
583,English,500,250,Iterative,intermediate,1,17.845590353012085
584,English,500,250,Iterative,intermediate,2,19.22551393508911
585,English,500,250,Trie,levenshtein,0,12.234567165374756
586,English,500,250,Trie,levenshtein,1,12.085201263427734
587,English,500,250,Trie,levenshtein,2,11.95519208908081
588,English,500,250,Trie,restricted,0,15.922455072402954
589,English,500,250,Trie,restricted,1,16.15740203857422
590,English,500,250,Trie,restricted,2,16.724173307418823
591,English,500,250,Trie,intermediate,0,28.170895099639893
592,English,500,250,Trie,intermediate,1,28.236089944839478
593,English,500,250,Trie,intermediate,2,27.824093103408813
594,English,500,500,Iterative,levenshtein,0,56.98034954071045
595,English,500,500,Iterative,levenshtein,1,58.56542444229126
596,English,500,500,Iterative,levenshtein,2,56.81536030769348
597,English,500,500,Iterative,restricted,0,74.1348192691803
598,English,500,500,Iterative,restricted,1,69.29742074012756
599,English,500,500,Iterative,restricted,2,71.19151520729065
600,English,500,500,Iterative,intermediate,0,36.62376666069031
601,English,500,500,Iterative,intermediate,1,37.79763913154602
602,English,500,500,Iterative,intermediate,2,37.101802349090576
603,English,500,500,Trie,levenshtein,0,26.06900453567505
604,English,500,500,Trie,levenshtein,1,24.95290732383728
605,English,500,500,Trie,levenshtein,2,23.05105996131897
606,English,500,500,Trie,restricted,0,30.403857707977295
607,English,500,500,Trie,restricted,1,31.334094285964966
608,English,500,500,Trie,restricted,2,30.04289436340332
609,English,500,500,Trie,intermediate,0,54.51604676246643
610,English,500,500,Trie,intermediate,1,55.04292178153992
611,English,500,500,Trie,intermediate,2,54.68716239929199
612,English,500,2500,Iterative,levenshtein,0,302.2066180706024
613,English,500,2500,Iterative,levenshtein,1,309.22218585014343
614,English,500,2500,Iterative,levenshtein,2,302.8424699306488
615,English,500,2500,Iterative,restricted,0,397.62253642082214
616,English,500,2500,Iterative,restricted,1,380.06736731529236
617,English,500,2500,Iterative,restricted,2,405.32389545440674
618,English,500,2500,Iterative,intermediate,0,186.60174894332886
619,English,500,2500,Iterative,intermediate,1,184.85675978660583
620,English,500,2500,Iterative,intermediate,2,183.67710065841675
621,English,500,2500,Trie,levenshtein,0,135.01080465316772
622,English,500,2500,Trie,levenshtein,1,130.58112359046936
623,English,500,2500,Trie,levenshtein,2,133.17281818389893
624,English,500,2500,Trie,restricted,0,173.60994458198547
625,English,500,2500,Trie,restricted,1,172.2373673915863
626,English,500,2500,Trie,restricted,2,176.24835872650146
627,English,500,2500,Trie,intermediate,0,297.25280499458313
628,English,500,2500,Trie,intermediate,1,285.80550742149353
629,English,500,2500,Trie,intermediate,2,521.0172808170319
630,English,2500,10,Iterative,levenshtein,0,3.5023880004882812
631,English,2500,10,Iterative,levenshtein,1,2.5579121112823486
632,English,2500,10,Iterative,levenshtein,2,2.5959556102752686
633,English,2500,10,Iterative,restricted,0,3.2249412536621094
634,English,2500,10,Iterative,restricted,1,3.0921895503997803
635,English,2500,10,Iterative,restricted,2,3.673762798309326
636,English,2500,10,Iterative,intermediate,0,3.010965585708618
637,English,2500,10,Iterative,intermediate,1,1.6805410385131836
638,English,2500,10,Iterative,intermediate,2,1.6104118824005127
639,English,2500,10,Trie,levenshtein,0,1.0379960536956787
640,English,2500,10,Trie,levenshtein,1,1.2150614261627197
641,English,2500,10,Trie,levenshtein,2,1.3010084629058838
642,English,2500,10,Trie,restricted,0,1.5454649925231934
643,English,2500,10,Trie,restricted,1,1.6134850978851318
644,English,2500,10,Trie,restricted,2,1.9816093444824219
645,English,2500,10,Trie,intermediate,0,2.7993335723876953
646,English,2500,10,Trie,intermediate,1,3.0376148223876953
647,English,2500,10,Trie,intermediate,2,2.988358497619629
648,English,2500,50,Iterative,levenshtein,0,17.274847984313965
649,English,2500,50,Iterative,levenshtein,1,17.06406259536743
650,English,2500,50,Iterative,levenshtein,2,12.353968381881714
651,English,2500,50,Iterative,restricted,0,11.137530088424683
652,English,2500,50,Iterative,restricted,1,10.956745624542236
653,English,2500,50,Iterative,restricted,2,10.395878791809082
654,English,2500,50,Iterative,intermediate,0,5.284248352050781
655,English,2500,50,Iterative,intermediate,1,4.949885606765747
656,English,2500,50,Iterative,intermediate,2,5.124952793121338
657,English,2500,50,Trie,levenshtein,0,4.492966175079346
658,English,2500,50,Trie,levenshtein,1,4.967824697494507
659,English,2500,50,Trie,levenshtein,2,4.520998477935791
660,English,2500,50,Trie,restricted,0,6.32929539680481
661,English,2500,50,Trie,restricted,1,5.423381090164185
662,English,2500,50,Trie,restricted,2,5.5085554122924805
663,English,2500,50,Trie,intermediate,0,12.293315649032593
664,English,2500,50,Trie,intermediate,1,12.549144983291626
665,English,2500,50,Trie,intermediate,2,14.745783567428589
666,English,2500,250,Iterative,levenshtein,0,69.67996835708618
667,English,2500,250,Iterative,levenshtein,1,67.669926404953
668,English,2500,250,Iterative,levenshtein,2,66.73074841499329
669,English,2500,250,Iterative,restricted,0,90.63123369216919
670,English,2500,250,Iterative,restricted,1,85.09691715240479
671,English,2500,250,Iterative,restricted,2,97.97187757492065
672,English,2500,250,Iterative,intermediate,0,48.40053725242615
673,English,2500,250,Iterative,intermediate,1,44.98721528053284
674,English,2500,250,Iterative,intermediate,2,44.8090033531189
675,English,2500,250,Trie,levenshtein,0,29.033921241760254
676,English,2500,250,Trie,levenshtein,1,30.24935483932495
677,English,2500,250,Trie,levenshtein,2,29.09977126121521
678,English,2500,250,Trie,restricted,0,39.39257574081421
679,English,2500,250,Trie,restricted,1,40.204259157180786
680,English,2500,250,Trie,restricted,2,27.954217433929443
681,English,2500,250,Trie,intermediate,0,51.93728184700012
682,English,2500,250,Trie,intermediate,1,62.23457622528076
683,English,2500,250,Trie,intermediate,2,47.23415780067444
684,English,2500,500,Iterative,levenshtein,0,89.69327712059021
685,English,2500,500,Iterative,levenshtein,1,86.19496870040894
686,English,2500,500,Iterative,levenshtein,2,126.2186005115509
687,English,2500,500,Iterative,restricted,0,163.7790870666504
688,English,2500,500,Iterative,restricted,1,156.33550143241882
689,English,2500,500,Iterative,restricted,2,148.65340161323547
690,English,2500,500,Iterative,intermediate,0,77.41425490379333
691,English,2500,500,Iterative,intermediate,1,76.24937725067139
692,English,2500,500,Iterative,intermediate,2,76.37996077537537
693,English,2500,500,Trie,levenshtein,0,53.64330792427063
694,English,2500,500,Trie,levenshtein,1,50.90059781074524
695,English,2500,500,Trie,levenshtein,2,53.740636348724365
696,English,2500,500,Trie,restricted,0,71.01691389083862
697,English,2500,500,Trie,restricted,1,73.87399744987488
698,English,2500,500,Trie,restricted,2,72.84152698516846
699,English,2500,500,Trie,intermediate,0,118.64965486526489
700,English,2500,500,Trie,intermediate,1,132.57073521614075
701,English,2500,500,Trie,intermediate,2,94.52145290374756
702,English,2500,2500,Iterative,levenshtein,0,498.07481360435486
703,English,2500,2500,Iterative,levenshtein,1,569.1567585468292
704,English,2500,2500,Iterative,levenshtein,2,635.0603828430176
705,English,2500,2500,Iterative,restricted,0,715.7166421413422
706,English,2500,2500,Iterative,restricted,1,767.0432465076447
707,English,2500,2500,Iterative,restricted,2,779.4657003879547
708,English,2500,2500,Iterative,intermediate,0,296.52196311950684
709,English,2500,2500,Iterative,intermediate,1,337.6532301902771
710,English,2500,2500,Iterative,intermediate,2,377.02106070518494
711,English,2500,2500,Trie,levenshtein,0,258.07130336761475
712,English,2500,2500,Trie,levenshtein,1,255.40774989128113
713,English,2500,2500,Trie,levenshtein,2,260.5039050579071
714,English,2500,2500,Trie,restricted,0,319.8617796897888
715,English,2500,2500,Trie,restricted,1,294.79905128479004
716,English,2500,2500,Trie,restricted,2,351.7382390499115
717,English,2500,2500,Trie,intermediate,0,595.760749578476
718,English,2500,2500,Trie,intermediate,1,610.7455506324768
719,English,2500,2500,Trie,intermediate,2,429.34907841682434
